Product Name,Quantity,Unit_price,Payment_method,discount %,Final_price
Wine - White Pinot Grigio,6,122.47,Visa,5.0 %,698.0790069580078
Pepper - Red Thai,5,23.18,Cash,0.0 %,115.9000015258789
Wine - Chardonnay Mondavi,7,189.74,Cash,5.0 %,1261.7710365295409
External Supplier,14,9.92,Visa,11.0 %,123.60320095062255
Beans - Black Bean Preserved,13,145.85,Cash,7.0 %,1763.326573791504
Beef - Inside Round,9,247.62,Visa,5.0 %,2117.1509582519534
Bread - Calabrese Baguette,1,111.21,Visa,4.5 %,106.20554912567138
Zucchini - Mini Green,15,146.75,Visa,7.5 %,2036.15625
Eggs - Extra Large,16,48.05,Visa,16.5 %,641.9479898071289
Pork - Liver,17,191.13,Visa,7.5 %,3005.519326782227
Sesame Seed,4,62.69,Cash,0.0 %,250.75999450683594
Tuna - Yellowfin,9,183.3,Cash,5.0 %,1567.2150260925293
Wine - Magnotta - Belpaese,9,101.36,Cash,8.0 %,839.2608050537109
Bar Bran Honey Nut,15,13.21,Cash,10.0 %,178.33500051498413
Cake - French Pear Tart,12,215.63,Cash,7.0 %,2406.4308544921873
Carbonated Water - Wildberry,2,19.31,Cash,0.0 %,38.619998931884766
Pork - Ham Virginia,14,208.26,Cash,7.0 %,2711.545128479004
Wine - Prosecco Valdobienne,15,221.11,Visa,7.5 %,3067.901258468628
Lettuce - Boston Bib - Organic,6,96.43,Visa,5.0 %,549.6510017395019
Wine - Marlbourough Sauv Blanc,4,233.83,Visa,15.0 %,795.022006225586
Longos - Chicken Cordon Bleu,16,193.04,Cash,10.0 %,2779.7759033203124
Beef Striploin Aaa,9,81.77,Cash,5.0 %,699.1334712982178
Sauce - Oyster,2,69.06,Visa,9.5 %,124.99859558105469
Barley - Pearl,3,94.98,Visa,5.0 %,270.6930095672608
Cheese Cloth No 60,16,49.41,Visa,15.0 %,671.9759979248047
Cut Wakame - Hanawakaba,16,190.34,Cash,10.0 %,2740.895947265625
Kolrabi,14,29.13,Visa,18.5 %,332.3732904243469
Coffee - Espresso,12,61.91,Visa,11.0 %,661.1987983703614
Beef - Kindney Whole,14,7.41,Visa,18.0 %,85.06679824829102
Honey - Comb,3,97.54,Visa,5.0 %,277.9890026092529
Soup Campbells Turkey Veg.,1,1.86,Cash,25.0 %,1.395000010728836
Syrup - Monin - Blue Curacao,9,62.85,Visa,15.5 %,477.9742383956909
Coffee Beans - Chocolate,15,29.33,Cash,10.0 %,395.95499897003174
Wine - Vidal Icewine Magnotta,17,220.37,Visa,15.0 %,3184.3464294433597
Island Oasis - Peach Daiquiri,16,128.13,Visa,7.5 %,1896.324072265625
Lychee,4,16.08,Cash,0.0 %,64.31999969482422
Contreau,11,222.63,Visa,11.0 %,2179.547747802734
Cheese - Taleggio D.o.p.,1,205.18,Visa,10.5 %,183.6360934448242
Persimmons,14,80.81,Cash,7.0 %,1052.1461682128906
Towels - Paper / Kraft,7,17.24,Cash,5.0 %,114.64599847793579
Pastry - Cheese Baked Scones,11,232.08,Visa,12.5 %,2233.7700176239014
Honey - Liquid,16,103.96,Cash,10.0 %,1497.0239868164062
Veal - Bones,14,48.36,Visa,11.0 %,602.5656076049804
Beets,16,108.46,Cash,16.5 %,1449.0255877685547
Wine - Saint Emilion Calvet,5,31.56,Visa,5.0 %,149.90999746322632
Coffee - Ristretto Coffee Capsule,12,234.0,Visa,6.0 %,2639.52
Beef - Tenderlion Center Cut,7,245.12,Visa,8.5 %,1569.9935687255859
Pails With Lids,5,156.56,Visa,5.0 %,743.6599884033203
Wine - Cousino Macul Antiguas,1,78.82,Visa,5.0 %,74.87899971008301
Puree - Mango,7,236.95,Cash,5.0 %,1575.7174797058105
Soup - Campbells Chili,3,167.22,Cash,0.0 %,501.6600036621094
Table Cloth 91x91 Colour,1,132.54,Visa,5.0 %,125.91299362182617
Apron,6,139.54,Cash,5.0 %,795.3779617309569
Chocolate - Mi - Amere Semi,6,227.37,Visa,7.5 %,1261.9034729003906
Tomatoes - Plum Canned,10,68.25,Cash,7.0 %,634.7249999999999
Oysters - Smoked,15,66.86,Visa,12.5 %,877.5375080108643
Pork - Chop Frenched,2,154.51,Cash,12.0 %,271.9375903320313
Pastry - Baked Cinnamon Stick,12,64.08,Visa,19.5 %,619.0128176879882
Bread Foccacia Whole,1,198.9,Visa,10.0 %,179.00999450683594
Tuna - Loin,7,26.01,Visa,7.5 %,168.4147514820099
Corn Syrup,8,124.55,Visa,7.5 %,921.6700225830078
Wine - Bouchard La Vignee Pinot,5,202.72,Visa,17.0 %,841.288005065918
Lamb - Pieces Diced,5,85.41,Cash,0.0 %,427.0500183105469
Cocoa Butter,3,149.72,Visa,16.5 %,375.0486030578613
Juice - Apple 284ml,2,24.63,Cash,0.0 %,49.2599983215332
Tomato - Plum With Basil,3,71.15,Cash,0.0 %,213.45000457763672
Wine - Magnotta White,4,136.58,Cash,5.0 %,519.0040069580078
Veal - Knuckle,10,186.71,Cash,7.0 %,1736.4030624389648
Sugar - Brown,13,218.79,Visa,14.5 %,2431.850775375366
Mix - Cocktail Ice Cream,15,94.51,Cash,10.0 %,1275.8850288391113
Bread Base - Gold Formel,6,83.09,Visa,17.0 %,413.78818176269533
Salmon - Whole 4 - 6 Pounds,9,188.02,Cash,5.0 %,1607.571036529541
Lettuce - Radicchio,12,227.89,Cash,7.0 %,2543.2523931884766
Wood Chips - Regular,17,191.65,Visa,15.0 %,2769.3424118041994
Pails With Lids,1,88.1,Visa,5.0 %,83.69499855041504
Strawberries,2,148.88,Visa,5.0 %,282.87200927734375
Bread - Pita,2,130.58,Cash,21.0 %,206.31640289306642
Hand Towel,12,219.89,Cash,9.0 %,2401.198793334961
Ice Cream - Chocolate,6,175.97,Visa,7.5 %,976.6335067749023
Lid - 16 Oz And 32 Oz,10,105.73,Cash,18.0 %,866.9860275268554
Mayonnaise,12,100.57,Cash,16.0 %,1013.7455969238281
Tarts Assorted,3,172.63,Visa,5.0 %,491.9955139160156
Butter - Salted,14,105.08,Cash,7.0 %,1368.141623840332
Amaretto,13,6.89,Cash,7.0 %,83.30009838581086
Bread - White Mini Epi,17,21.35,Cash,10.0 %,326.6550058364868
Lamb - Bones,16,111.07,Visa,15.0 %,1510.5519958496093
Bagelers - Cinn / Brown Sugar,12,210.78,Cash,7.0 %,2352.304786376953
Soup - Campbells Beef Barley,17,206.53,Visa,8.0 %,3230.129180908203
Pasta - Fettuccine Egg Fresh,6,166.99,Cash,5.0 %,951.8430313110352
Nut - Almond Blanched Whole,9,53.84,Cash,5.0 %,460.33200130462643
Wine - White Schroder And Schyl,13,165.67,Cash,15.5 %,1819.884929885864
Soup - Knorr Chicken Gumbo,3,236.76,Cash,21.0 %,561.1211869812012
Wine - Red Colio Cabernet,14,150.82,Visa,18.0 %,1731.4136840820313
Thyme - Lemon Fresh,14,88.35,Cash,5.0 %,1175.0549797058104
Honey - Lavender,1,11.79,Visa,5.0 %,11.200499963760375
Cake - Bande Of Fruit,11,43.91,Visa,20.0 %,386.4079986572266
Veal - Insides Provini,11,40.81,Visa,13.5 %,388.307163066864
Cheese - Taleggio D.o.p.,10,194.85,Visa,17.5 %,1607.512550354004
Table Cloth 54x54 Colour,15,186.31,Cash,10.0 %,2515.1849670410156
Nut - Walnut Chopped,14,180.3,Visa,11.0 %,2246.5380380249026
Turkey - Whole Fresh,17,138.43,Cash,10.0 %,2117.978887939453
Ocean Spray - Ruby Red,5,148.87,Cash,0.0 %,744.3499755859375
Nantucket - Orange Mango Cktl,6,161.12,Cash,5.0 %,918.3839721679688
Flower - Carnations,6,229.61,Cash,5.0 %,1308.7770034790037
Tequila - Sauza Silver,3,24.27,Cash,0.0 %,72.81000137329102
Soup - Base Broth Beef,14,55.81,Visa,6.0 %,734.4596180725098
Mikes Hard Lemonade,5,62.32,Cash,10.0 %,280.439998626709
Pasta - Lasagna Dry,12,8.24,Visa,6.0 %,92.9471974182129
Ginsing - Fresh,9,92.93,Visa,5.0 %,794.5515026092529
Capon - Breast Wing On,9,171.96,Visa,7.5 %,1431.5670558929444
Chocolate - Semi Sweet Calets,15,197.52,Cash,10.0 %,2666.5200576782227
Tray - 16in Rnd Blk,12,7.88,Visa,11.0 %,84.158401222229
Coffee - Frthy Coffee Crisp,16,22.75,Visa,15.0 %,309.4
Schnappes Peppermint - Walker,6,19.59,Visa,12.0 %,103.43520080566407
Wine - White Lindemans Bin 95,9,182.21,Cash,5.0 %,1557.8955574035645
Coffee Cup 12oz 5342cd,10,130.1,Visa,8.5 %,1190.415055847168
Paper - Brown Paper Mini Cups,6,5.63,Cash,5.0 %,32.09100065231323
Coffee - Frthy Coffee Crisp,15,177.35,Cash,10.0 %,2394.225082397461
Tea - Orange Pekoe,1,71.36,Visa,9.0 %,64.93760055541992
Muffin Mix - Raisin Bran,11,171.22,Visa,11.0 %,1676.2438119506835
Jack Daniels,17,210.22,Cash,30.0 %,2501.618014526367
Beef - Ground Medium,14,174.09,Visa,11.0 %,2169.161354370117
Onion Powder,15,136.9,Cash,16.0 %,1724.939923095703
Tomatoes - Grape,13,164.11,Visa,11.0 %,1898.7527070617675
Wine - Chenin Blanc K.w.v.,11,184.55,Visa,11.0 %,1806.744529876709
Quail - Eggs Fresh,13,222.23,Cash,6.5 %,2701.2055980682376
Bread - Pumpernickel,11,182.41,Cash,5.5 %,1896.151988067627
Apples - Spartan,6,127.75,Visa,5.0 %,728.175
Snails - Large Canned,8,158.15,Visa,5.0 %,1201.9399536132812
Eggplant - Baby,3,241.88,Visa,5.0 %,689.3580139160156
Wine - Rioja Campo Viejo,15,165.9,Visa,12.5 %,2177.4374198913574
Wine - Rosso Toscano Igt,1,188.66,Visa,15.0 %,160.36100311279296
Wine - Blue Nun Qualitatswein,7,228.35,Cash,16.5 %,1334.705785675049
Ecolab Crystal Fusion,5,90.56,Visa,5.0 %,430.1599884033203
Ecolab Crystal Fusion,9,92.27,Cash,5.0 %,788.9084712982177
Sauce - White Mix,13,194.21,Visa,11.0 %,2247.0097776794432
Lobak,15,91.02,Visa,7.5 %,1262.9024534225464
Pasta - Shells Medium Dry,3,212.35,Visa,16.5 %,531.9367652893065
Tomatoes Tear Drop Yellow,13,45.47,Visa,6.5 %,552.6878648376464
Melon - Honey Dew,12,167.18,Cash,7.0 %,1865.7287182617188
Dried Cranberries,16,166.28,Visa,30.0 %,1862.335986328125
Bagels Poppyseed,8,80.83,Visa,7.5 %,598.1420135498047
Mushroom - Crimini,15,217.8,Visa,12.5 %,2858.6250400543213
Spice - Peppercorn Melange,7,234.14,Visa,7.5 %,1516.0564960479735
Fruit Salad Deluxe,4,148.25,Visa,5.0 %,563.35
Mountain Dew,13,62.12,Cash,12.0 %,710.6527877807617
Pur Value,4,9.19,Visa,5.5 %,34.73819841384888
Remy Red Berry Infusion,7,38.18,Visa,7.5 %,247.2155019760132
Chestnuts - Wholecanned,9,38.44,Visa,7.5 %,320.0129885673523
Pork - Sausage Medium,6,233.63,Cash,9.0 %,1275.6198266601564
Apple - Royal Gala,10,235.0,Cash,7.0 %,2185.5
Oil - Cooking Spray,14,83.2,Visa,11.0 %,1036.6719619750977
Tuna - Bluefin,5,9.57,Cash,24.0 %,36.36599884033203
Pepper - Green Thai,1,64.88,Cash,0.0 %,64.87999725341797
Mustard - Individual Pkg,14,161.8,Cash,7.0 %,2106.6360397338867
Pepper - Julienne Frozen,10,135.67,Visa,8.5 %,1241.3804832458495
Hummus - Spread,17,135.48,Cash,16.0 %,1934.654338989258
Absolut Citron,9,62.42,Visa,5.0 %,533.6909843444824
Salad Dressing,6,150.28,Cash,10.5 %,807.0035934448242
Yogurt - Assorted Pack,11,64.81,Visa,11.0 %,634.4898760986327
Soap - Hand Soap,6,83.29,Cash,5.0 %,474.7530052185059
Barley - Pearl,2,123.76,Visa,5.0 %,235.14400405883788
Appetizer - Sausage Rolls,8,75.13,Cash,5.0 %,570.9879791259766
Lemons,17,247.42,Visa,17.5 %,3470.065474319458
Cake - Miini Cheesecake Cherry,12,127.02,Cash,8.5 %,1394.679563140869
Table Cloth 72x144 White,17,229.19,Visa,7.5 %,3604.0127883911136
Sword Pick Asst,1,204.31,Visa,3.0 %,198.18069763183593
Cake - Sheet Strawberry,4,72.27,Cash,0.0 %,289.0799865722656
Tuna - Sushi Grade,14,40.61,Cash,7.0 %,528.7422079467774
Wine - Vovray Sec Domaine Huet,4,41.5,Visa,5.0 %,157.7
Watercress,14,227.82,Visa,6.0 %,2998.1112963867185
V8 Splash Strawberry Banana,13,42.39,Cash,7.0 %,512.4950926208496
Syrup - Monin - Blue Curacao,10,121.04,Cash,7.0 %,1125.6720085144043
Sprouts - China Rose,10,58.63,Cash,17.5 %,483.6975088119507
Pears - Bosc,15,46.72,Visa,12.5 %,613.2000160217285
Beef - Ox Tongue,3,152.52,Cash,50.0 %,228.7800064086914
Buttons,5,80.87,Visa,5.0 %,384.13251304626465
The Pop Shoppe - Root Beer,15,226.37,Visa,30.0 %,2376.8849487304688
Pork - Ground,1,189.55,Cash,15.0 %,161.11750259399415
Wasabi Powder,1,24.63,Visa,5.0 %,23.39849920272827
Milk 2% 500 Ml,14,229.53,Visa,11.0 %,2859.943784790039
Flavouring - Orange,14,183.47,Visa,33.5 %,1708.105711364746
Juice - Orange Concentrate,11,95.39,Visa,18.0 %,860.417794494629
Bonito Flakes - Toku Katsuo,12,96.35,Visa,6.0 %,1086.8279827880858
Bread - Bistro White,15,68.7,Visa,12.5 %,901.6874599456787
Bread - English Muffin,2,11.09,Visa,5.0 %,21.07100028991699
Nantuket Peach Orange,9,88.17,Cash,5.0 %,753.8534843444824
Currants,11,87.0,Cash,7.0 %,890.01
Wine - Red Gallo Merlot,14,171.66,Cash,6.0 %,2259.0456481933593
Cheese - Camembert,10,62.27,Visa,10.0 %,560.430004119873
Container - Hngd Cll Blk 7x7x3,17,247.07,Visa,7.5 %,3885.17586517334
Tomatoes - Vine Ripe Red,9,197.06,Visa,7.5 %,1640.524479675293
Durian Fruit,5,246.05,Visa,5.0 %,1168.7375144958496
Veal - Shank Pieces,15,64.0,Cash,30.0 %,672.0
Container - Clear 32 Oz,14,201.77,Visa,6.5 %,2641.1693559265136
Soup - Campbells - Chicken Noodle,15,126.29,Visa,12.5 %,1657.5562620162964
Rice - Aborio,6,16.2,Cash,5.0 %,92.34000434875489
Wine - Fume Blanc Fetzer,14,93.19,Visa,11.0 %,1161.1474304199219
Beef - Salted,1,83.46,Visa,5.0 %,79.28699913024903
Pastry - French Mini Assorted,6,220.44,Cash,4.5 %,1263.1212139892577
Liners - Baking Cups,4,1.45,Visa,5.0 %,5.51000018119812
Cookie - Oatmeal,8,67.93,Visa,13.5 %,470.0756021118164
Pastry - Banana Tea Loaf,7,174.86,Visa,7.5 %,1132.2185039520264
Broom And Brush Rack Black,12,236.64,Visa,36.0 %,1817.3951953125002
Fish - Bones,5,194.87,Cash,0.0 %,974.3499755859375
Pie Shell - 5,7,182.98,Visa,13.0 %,1114.348173980713
Wine - White Colubia Cresh,16,142.82,Visa,16.0 %,1919.5008984375
Celery Root,10,6.28,Visa,16.0 %,52.75200176239014
Longos - Greek Salad,8,86.7,Visa,7.5 %,641.5799774169922
Puree - Raspberry,16,13.46,Cash,17.0 %,178.7488005065918
Calvados - Boulard,4,228.68,Visa,16.5 %,763.7911755371094
Scampi Tail,14,187.9,Cash,7.0 %,2446.4579205322266
Island Oasis - Ice Cream Mix,10,123.17,Visa,8.5 %,1127.0054832458495
Plasticforkblack,17,162.91,Cash,10.0 %,2492.5230560302734
Bread - 10 Grain Parisian,3,228.82,Cash,4.0 %,659.00162109375
Kale - Red,4,218.31,Cash,15.0 %,742.2539916992188
Wine - Casillero Deldiablo,7,22.82,Cash,5.0 %,151.75299797058105
Maintenance Removal Charge,16,197.57,Cash,10.0 %,2845.00810546875
Tea - Mint,13,156.99,Cash,7.0 %,1898.0091664123538
Cookie - Oreo 100x2,16,145.35,Visa,19.5 %,1872.1080786132811
Compound - Pear,12,16.86,Cash,7.0 %,188.15760681152344
The Pop Shoppe Pinapple,15,28.4,Visa,7.5 %,394.04999470710754
Tarragon - Primerba Paste,12,4.44,Visa,7.0 %,49.55040063858033
Straw - Regular,13,167.1,Cash,6.0 %,2041.9620745849606
Mussels - Cultivated,9,155.12,Visa,5.0 %,1326.2759582519532
Beef - Top Butt Aaa,7,75.8,Visa,7.5 %,490.80501976013187
Beer - Sleemans Honey Brown,9,195.62,Visa,15.0 %,1496.4929626464843
Bread - Pumpernickle Rounds,16,30.8,Cash,18.5 %,401.63199005126955
Cheese - Cheddar With Claret,12,171.33,Cash,8.5 %,1881.2034201049805
Orange Roughy 6/8 Oz,3,144.86,Cash,0.0 %,434.5800018310547
Quiche Assorted,13,194.39,Cash,7.0 %,2350.1750926208497
Cherries - Fresh,9,86.3,Visa,7.5 %,718.4475254058838
Appetizer - Cheese Bites,6,127.16,Visa,10.0 %,686.6640197753907
Wine - Barossa Valley Estate,16,166.47,Visa,7.5 %,2463.7560180664063
External Supplier,10,177.68,Visa,8.5 %,1625.7719329833983
The Pop Shoppe Pinapple,1,62.58,Visa,7.5 %,57.886501693725585
Wine - Red Gallo Merlot,15,210.55,Visa,7.5 %,2921.3812923431396
Beef - Top Butt Aaa,3,103.91,Cash,0.0 %,311.7300109863281
Yoghurt Tubes,3,172.6,Cash,14.0 %,445.30801574707027
Fudge - Chocolate Fudge,4,9.43,Visa,5.0 %,35.83400115966797
Pickles - Gherkins,3,187.3,Cash,0.0 %,561.9000091552734
Chef Hat 25cm,10,126.81,Visa,14.5 %,1084.2254791259766
Wheat - Soft Kernal Of Wheat,4,132.78,Cash,0.0 %,531.1199951171875
Soup - Campbells Chili Veg,14,88.34,Cash,7.0 %,1150.186752319336
Bread - Granary Small Pull,13,149.45,Visa,6.0 %,1826.2789627075194
Bananas,13,103.36,Visa,6.0 %,1263.059207458496
Glaze - Apricot,16,29.3,Cash,10.0 %,421.91998901367185
Wine - Taylors Reserve,16,51.5,Visa,7.5 %,762.2
Cheese - Havarti Salsa,7,37.1,Cash,7.5 %,240.22249011993406
Nori Sea Weed - Gold Label,15,217.08,Visa,12.5 %,2849.175024032593
Wine La Vielle Ferme Cote Du,16,179.99,Cash,30.0 %,2015.8880615234375
Coffee - Frthy Coffee Crisp,11,155.69,Visa,11.0 %,1524.2051239013672
Marjoram - Dried Rubbed,2,25.33,Visa,5.0 %,48.126999855041504
The Pop Shoppe Pinapple,16,148.54,Cash,15.0 %,2020.1439086914063
Crawfish,11,173.66,Cash,12.0 %,1681.0288354492188
Pork - Bacon Double Smoked,2,108.18,Visa,5.0 %,205.542000579834
Beer - Upper Canada Light,3,137.12,Visa,5.0 %,390.79198608398434
Napkin - Beverge White 2 - Ply,12,133.32,Visa,11.0 %,1423.8576782226564
Wine - Vineland Estate Semi - Dry,13,154.59,Visa,6.0 %,1889.0897552490235
Scrubbie - Scotchbrite Hand Pad,9,130.41,Cash,5.0 %,1115.0055313110352
Kellogs Raisan Bran Bars,1,49.13,Visa,5.0 %,46.67350101470947
Wine - Rubyport,10,236.91,Visa,12.5 %,2072.962532043457
Pumpkin,7,154.67,Visa,13.0 %,941.9402888488769
Brandy Cherry - Mcguinness,10,118.87,Visa,8.5 %,1087.6605251312255
Wine - Soave Folonari,1,123.96,Cash,12.0 %,109.08479919433594
Tomatoes - Cherry,6,22.32,Cash,5.0 %,127.22399826049804
Mousse - Banana Chocolate,9,194.32,Visa,7.5 %,1617.7140609741211
Cheese - Brick With Pepper,1,122.85,Cash,11.0 %,109.33649864196778
Flour - Chickpea,4,11.43,Visa,5.0 %,43.43400115966797
Tart Shells - Savory 2,8,107.87,Cash,5.0 %,819.8120208740235
Clams - Bay,8,225.63,Visa,16.5 %,1507.2084326171876
Honey - Comb,13,122.33,Cash,7.0 %,1478.969722137451
Thyme - Dried,11,189.65,Cash,7.0 %,1940.119437561035
V8 Splash Strawberry Kiwi,12,222.58,Cash,7.0 %,2483.99282043457
Jameson Irish Whiskey,17,100.98,Visa,15.0 %,1459.1610485076903
Lemonade - Pineapple Passion,7,59.74,Cash,5.0 %,397.2710111618042
Coconut - Creamed Pure,14,179.51,Visa,11.0 %,2236.6945315551757
Pepper - Chillies Crushed,14,177.57,Visa,11.0 %,2212.5222912597656
Petit Baguette,2,184.09,Visa,5.0 %,349.7709930419922
Juice - Apple 500 Ml,1,148.21,Cash,26.5 %,108.93435493469238
Onions - Spanish,15,147.93,Cash,10.0 %,1997.0549011230469
Wine - Carmenere Casillero Del,3,64.07,Visa,5.0 %,182.599499130249
Chips Potato All Dressed - 43g,16,34.82,Cash,5.5 %,526.4783953857421
Pastrami,1,153.31,Cash,0.0 %,153.30999755859375
Sobe - Green Tea,6,43.28,Visa,5.0 %,246.6959930419922
Cheese - La Sauvagine,15,212.0,Cash,10.0 %,2862.0
Jicama,10,236.23,Cash,7.0 %,2196.938960266113
Wine - Sicilia Igt Nero Avola,4,199.37,Visa,5.0 %,757.6059814453125
Ginger - Crystalized,6,112.72,Cash,5.0 %,642.5040069580077
Blue Curacao - Marie Brizard,13,83.43,Visa,6.0 %,1019.5146037292479
Pail - 15l White With Handle,11,232.62,Visa,6.0 %,2405.290749511719
Pork - Kidney,17,190.32,Cash,10.0 %,2911.8961120605472
Table Cloth - 53x69 Colour,3,3.83,Visa,5.0 %,10.915499782562257
Ostrich - Prime Cut,13,39.62,Visa,11.0 %,458.40338764190676
Potatoes - Peeled,3,110.03,Cash,0.0 %,330.0899963378906
Fish - Artic Char Cold Smoked,1,135.58,Visa,5.0 %,128.80100173950194
Oil - Canola,12,171.54,Visa,6.0 %,1934.9711242675783
Bread - English Muffin,7,247.0,Visa,5.0 %,1642.55
Table Cloth 120 Round White,17,114.51,Visa,15.0 %,1654.6695308685303
Pork Ham Prager,11,38.62,Visa,11.0 %,378.0897895431519
Dc - Frozen Momji,12,228.91,Visa,11.0 %,2444.758839111328
Yeast Dry - Fermipan,3,173.94,Cash,0.0 %,521.8200073242188
Veal Inside - Provimi,11,4.73,Cash,7.0 %,48.387900195121766
Pepper - Chillies Crushed,1,70.85,Visa,5.0 %,67.30749855041503
Chef Hat 20cm,2,25.15,Visa,5.0 %,47.78499927520752
Oil - Olive Extra Virgin,16,24.09,Visa,15.0 %,327.62400207519534
Basil - Thai,4,237.09,Visa,5.0 %,900.9419860839844
Fennel - Seeds,6,216.99,Cash,5.0 %,1236.8430313110352
Gingerale - Schweppes 355 Ml,3,11.12,Visa,10.0 %,30.02399969100952
Duck - Whole,17,161.92,Cash,10.0 %,2477.375971984863
Truffle - Whole Black Peeled,7,200.92,Visa,12.5 %,1230.63498878479
Lobak,1,123.8,Cash,0.0 %,123.80000305175781
Pasta - Linguini Dry,8,95.68,Cash,5.0 %,727.168002319336
Plate Foam Laminated 9in Blk,10,214.18,Cash,11.5 %,1895.492935180664
Pasta - Penne Lisce Dry,5,83.36,Cash,0.0 %,416.8000030517578
Chocolate - Milk Callets,3,54.68,Cash,3.0 %,159.11880088806151
Bagel - Ched Chs Presliced,4,143.13,Cash,0.0 %,572.52001953125
Horseradish Root,14,140.21,Visa,19.5 %,1580.1667756652832
Bamboo Shoots - Sliced,17,4.37,Visa,15.0 %,63.14649834632874
Sauce - Oyster,1,171.96,Visa,5.0 %,163.36200637817382
Cotton Wet Mop 16 Oz,4,206.75,Cash,0.0 %,827.0
Cheese - Marble,11,95.2,Cash,8.5 %,958.1879692840577
Wine - Cotes Du Rhone Parallele,7,249.5,Visa,8.5 %,1598.0475
Mop Head - Cotton 24 Oz,15,103.03,Visa,7.5 %,1429.5412330627441
Eggwhite Frozen,14,239.98,Visa,6.0 %,3158.136743774414
Truffle Cups - Brown,5,151.69,Visa,5.0 %,720.5275115966797
Muskox - French Rack,10,61.34,Visa,8.5 %,561.2610013961792
Sprite Diet - 355ml,17,4.52,Cash,17.5 %,63.39299973249436
Burger Veggie,10,119.32,Visa,6.0 %,1121.6079971313477
Food Colouring - Orange,12,110.22,Visa,11.0 %,1177.1496130371092
Truffle Cups - White Paper,11,191.82,Visa,11.0 %,1877.9178717041016
Ostrich - Prime Cut,7,249.79,Visa,7.5 %,1617.39020652771
Sole - Iqf,17,235.06,Visa,15.0 %,3396.6169647216793
Muffin Batt - Carrot Spice,3,43.01,Cash,0.0 %,129.0299949645996
Pork - Chop Frenched,11,56.66,Cash,7.0 %,579.6317984390259
Bread - Roll Whole Wheat,9,163.09,Visa,5.5 %,1387.0804188537597
Island Oasis - Peach Daiquiri,15,199.42,Visa,7.5 %,2766.952474594116
Cheese - Gouda,1,214.08,Visa,7.5 %,198.02400169372558
Food Colouring - Green,3,244.82,Visa,5.0 %,697.7370208740235
Bread - White Sliced,11,3.7,Visa,11.0 %,36.22300046682358
Parsley - Fresh,12,174.57,Visa,11.0 %,1864.4076782226564
Pop - Club Soda Can,2,199.86,Cash,0.0 %,399.7200012207031
Muffin Hinge 117n,3,23.57,Visa,5.0 %,67.17449913024902
Hipnotiq Liquor,1,132.92,Visa,5.0 %,126.27399826049805
Jameson - Irish Whiskey,10,94.05,Visa,8.5 %,860.5575279235838
Peas Snow,12,201.55,Cash,7.0 %,2249.2980340576173
Soup - Knorr Ministrone,7,166.86,Visa,7.5 %,1080.4185039520264
Soup Campbells Split Pea And Ham,6,88.86,Visa,7.5 %,493.1730033874512
Beef - Ox Tongue,9,41.68,Visa,5.0 %,356.36400260925296
Water - Aquafina Vitamin,3,173.65,Cash,9.0 %,474.06448333740235
Sesame Seed,5,227.34,Visa,5.0 %,1079.8649826049805
Wine - Soave Folonari,11,158.85,Visa,6.0 %,1642.5090631103515
Pork - Ham Hocks - Smoked,6,142.45,Visa,7.5 %,790.5974830627442
Cheese - Woolwich Goat Log,15,213.3,Cash,10.0 %,2879.5500411987305
Bread - Roll Calabrese,11,21.13,Visa,11.0 %,206.862691783905
Pork - Smoked Back Bacon,10,221.82,Visa,8.5 %,2029.6530670166017
Compound - Raspberry,17,105.46,Visa,7.5 %,1658.3584856033326
Mousse - Banana Chocolate,5,117.79,Visa,5.0 %,559.5025043487549
Flour - Chickpea,6,175.29,Visa,9.0 %,957.0833633422852
Wine - Baron De Rothschild,16,230.14,Cash,7.5 %,3406.071990966797
Tart Shells - Savory 3,10,91.41,Visa,8.5 %,836.4015335083008
Gelatine Leaves - Envelopes,4,154.74,Cash,0.0 %,618.9600219726562
Soup - Campbells Beef Barley,7,11.2,Visa,9.0 %,71.34399878501893
Sugar - Sweet N Low Individual,1,176.87,Cash,26.0 %,130.88379638671876
Flour - Fast / Rapid,3,196.76,Cash,0.0 %,590.2799835205078
Flower - Leather Leaf Fern,8,108.89,Cash,5.0 %,827.5639953613281
Potatoes - Mini Red,17,19.03,Cash,10.0 %,291.1590105056763
Cheese - Brick With Pepper,7,179.52,Visa,10.0 %,1130.9760269165038
Tea - Decaf 1 Cup,5,44.48,Cash,14.0 %,191.2639980316162
Wine - Prosecco Valdobienne,12,175.86,Visa,11.0 %,1878.1848065185545
Wonton Wrappers,17,245.21,Visa,15.0 %,3543.284597015381
Oranges,16,168.9,Visa,35.0 %,1756.5599365234375
Vodka - Smirnoff,6,22.11,Cash,8.5 %,121.38390335083008
Doilies - 7 Paper,14,114.09,Visa,11.0 %,1421.5613543701172
Sauce - Vodka Blush,17,11.78,Visa,15.0 %,170.22099614143372
Fruit Salad Deluxe,12,121.28,Cash,7.0 %,1353.4847863769533
Tray - 16in Rnd Blk,6,167.8,Visa,5.0 %,956.4600173950195
Shallots,6,193.62,Visa,7.5 %,1074.5909729003906
Lobak,2,62.86,Visa,9.5 %,113.77660110473633
The Pop Shoppe - Black Cherry,7,56.81,Cash,5.0 %,377.7865091323852
Cheese - Le Cru Du Clocher,6,66.27,Cash,15.0 %,337.9769828796386
Bread - Sticks Thin Plain,10,187.56,Visa,8.5 %,1716.1739776611328
Assorted Desserts,7,15.94,Visa,13.0 %,97.0745974445343
Shrimp - 31/40,17,127.13,Visa,15.0 %,1837.0284603118898
Appetizer - Shrimp Puff,16,12.4,Cash,17.0 %,164.67199493408202
Shortbread - Cookie Crumbs,6,105.47,Cash,5.0 %,601.1790069580079
Sausage - Meat,1,234.17,Cash,0.0 %,234.1699981689453
Raspberries - Frozen,9,193.27,Cash,5.0 %,1652.4585365295409
Carbonated Water - Lemon Lime,3,17.15,Cash,15.0 %,43.7324990272522
Cookie Dough - Oatmeal Rasin,1,221.69,Visa,7.5 %,205.0632522583008
Coffee Cup 16oz Foam,12,188.64,Cash,7.0 %,2105.2223931884764
Cheese - Swiss,8,197.96,Visa,7.5 %,1464.9040496826171
Flour - Whole Wheat,15,230.0,Cash,10.0 %,3105.0
Tobasco Sauce,1,158.62,Visa,14.5 %,135.6200958251953
Vegetable - Base,4,7.2,Visa,5.0 %,27.35999927520752
Macaroons - Two Bite Choc,4,180.79,Visa,5.0 %,687.0019744873047
Iced Tea - Lemon 460 Ml,13,7.96,Cash,12.0 %,91.06240043640138
Cookie Chocolate Chip With,3,101.45,Cash,0.0 %,304.34999084472656
Wine - Chardonnay Mondavi,8,62.95,Visa,7.5 %,465.83000564575195
Kale - Red,17,125.13,Visa,7.5 %,1967.6692068099974
Chevere Logs,6,99.87,Visa,7.5 %,554.2785152435304
Fondant - Icing,8,161.12,Visa,5.0 %,1224.511962890625
Table Cloth 53x53 White,8,245.07,Cash,8.5 %,1793.9124536132813
Soup - Campbells Asian Noodle,2,213.54,Visa,5.5 %,403.590587310791
Pate - Cognac,12,223.77,Cash,7.0 %,2497.273247680664
Turnip - White,1,239.67,Cash,0.0 %,239.6699981689453
Cheese - Woolwich Goat Log,6,153.26,Cash,7.5 %,850.5929695129394
Oil - Shortening - All - Purpose,17,145.27,Visa,15.0 %,2099.1515617370605
Thyme - Fresh,3,29.72,Cash,0.0 %,89.15999794006348
Hagen Daza - Dk Choocolate,15,122.94,Visa,18.0 %,1512.1620300292968
Yoplait - Strawbrasp Peac,5,69.06,Visa,5.0 %,328.0349884033203
Cream - 35%,7,203.34,Visa,7.5 %,1316.6264762878418
Lemon Balm - Fresh,14,58.77,Visa,11.0 %,732.2742057037353
Cheese - Grie Des Champ,6,40.56,Visa,7.5 %,225.10800762176515
Stock - Beef White,9,60.72,Cash,5.0 %,519.1560104370118
Onions - Cippolini,4,161.28,Visa,10.0 %,580.6079956054688
Beef - Tender Tips,3,5.69,Visa,14.5 %,14.594850146770476
Beer - Guiness,16,232.34,Cash,19.5 %,2992.5391528320315
Soup - Campbells Beef Stew,2,208.53,Visa,5.0 %,396.2069976806641
Soup - Chicken And Wild Rice,12,126.06,Cash,7.0 %,1406.8295727539062
Ice Cream - Life Savers,13,6.12,Visa,6.0 %,74.78639860153199
Pork - Backfat,3,209.35,Cash,0.0 %,628.0500183105469
Pecan Raisin - Tarts,14,122.75,Cash,9.0 %,1563.835
Brocolinni - Gaylan Chinese,6,111.13,Cash,12.0 %,586.7663854980468
Cheese - Manchego Spanish,15,7.6,Visa,12.5 %,99.74999874830246
Mustard - Pommery,14,125.39,Cash,7.0 %,1632.5777920532228
Potatoes - Mini Red,11,225.48,Visa,6.0 %,2331.463155822754
Pastry - Carrot Muffin - Mini,6,241.17,Cash,3.0 %,1403.6093893432617
Sparkling Wine - Rose Freixenet,15,245.79,Cash,17.0 %,3060.0854164123534
Jam - Blackberry 20 Ml Jar,14,64.57,Visa,6.0 %,849.7411959838868
Stock - Fish,12,94.25,Visa,11.0 %,1006.5899999999999
Poppy Seed,9,51.14,Visa,5.0 %,437.24699478149415
Fond - Neutral,15,108.81,Visa,7.5 %,1509.7387161254883
Artichoke - Fresh,14,219.95,Visa,11.0 %,2740.5769619750977
Muffin - Zero Transfat,3,127.44,Cash,0.0 %,382.32000732421875
Soup - Campbells Bean Medley,16,162.4,Visa,15.0 %,2208.6399169921874
Canadian Emmenthal,16,240.98,Cash,10.5 %,3450.8335388183596
Corn - On The Cob,15,245.09,Visa,12.5 %,3216.8062019348145
Lamb Rack Frenched Australian,1,138.86,Visa,5.0 %,131.917000579834
Pastry - Baked Cinnamon Stick,17,166.51,Visa,7.5 %,2618.3696636199948
Tortillas - Flour 12,6,49.16,Visa,10.5 %,263.989199180603
Steampan - Lid For Half Size,15,233.85,Cash,10.0 %,3156.975082397461
Capon - Breast Double Wing On,3,220.85,Cash,0.0 %,662.5500183105469
Loquat,14,174.21,Cash,7.0 %,2268.2142874145507
Juice - Ocean Spray Cranberry,7,189.75,Visa,5.0 %,1261.8374999999999
Beef - Inside Round,7,1.36,Cash,5.0 %,9.044000095129013
Pancetta,6,181.83,Visa,5.0 %,1036.4310104370115
Garlic - Elephant,17,132.65,Cash,15.0 %,1916.7924118041992
Ranchero - Primerba Paste,8,162.54,Visa,7.5 %,1202.795950317383
Wine - Charddonnay Errazuriz,3,92.21,Visa,5.0 %,262.7984973907471
Potatoes - Peeled,5,78.01,Visa,5.0 %,370.5475101470947
Triple Sec - Mcguinness,4,44.35,Cash,10.0 %,159.65999450683594
Longos - Penne With Pesto,15,186.92,Cash,16.0 %,2355.191976928711
Onions - Red Pearl,2,208.6,Visa,5.0 %,396.3400115966797
Pepper - Black Crushed,16,152.4,Visa,7.5 %,2255.519909667969
Fond - Neutral,11,103.06,Visa,11.0 %,1008.9573760986327
Beer - Paulaner Hefeweisse,13,37.05,Visa,6.0 %,452.7509906768799
Sage Derby,12,41.48,Visa,11.0 %,443.006395111084
Pasta - Fusili Tri - Coloured,17,70.45,Visa,15.0 %,1018.0024559020997
Lady Fingers,13,223.14,Visa,21.0 %,2291.6477937316895
Pop - Club Soda Can,7,128.83,Cash,5.0 %,856.7195121765136
Cardamon Ground,7,84.84,Visa,7.5 %,549.3389762878418
Ice Cream - Life Savers,5,53.47,Visa,15.0 %,227.24750518798828
Five Alive Citrus,4,51.52,Visa,14.0 %,177.22880157470703
Bagel - 12 Grain Preslice,7,169.41,Visa,5.0 %,1126.5765243530275
Cheese - Augre Des Champs,15,113.75,Cash,10.0 %,1535.625
Chocolate - Milk Callets,1,57.02,Visa,5.0 %,54.169000434875485
Tea Leaves - Oolong,14,75.78,Cash,17.0 %,880.5635858154296
Chilli Paste Hot Sambal Oelek,15,20.58,Cash,10.0 %,277.82999897003174
Red Cod Fillets - 225g,14,234.77,Cash,7.0 %,3056.7054556274416
Fuji Apples,14,130.74,Cash,7.0 %,1702.2348715209962
Bread - Assorted Rolls,2,214.24,Cash,0.0 %,428.4800109863281
Cocktail Napkin Blue,3,5.02,Cash,0.0 %,15.059999942779541
Soup - French Onion Dry,7,157.84,Visa,5.0 %,1049.6359756469726
Coffee - Irish Cream,12,201.33,Cash,5.0 %,2295.1620208740233
Glycerine,16,240.75,Visa,15.0 %,3274.2
Lobster - Base,6,232.62,Cash,5.0 %,1325.933972167969
Milk - Skim,16,82.01,Visa,14.5 %,1121.8968292236327
Cookie Choc,14,236.92,Cash,7.0 %,3084.698376159668
Beer - Steamwhistle,16,64.97,Visa,15.0 %,883.5920166015625
Spinach - Spinach Leaf,4,71.74,Cash,0.0 %,286.9599914550781
Chinese Foods - Chicken Wing,16,215.06,Visa,15.0 %,2924.815966796875
Cranberries - Frozen,9,215.56,Cash,13.5 %,1678.1345809936522
Soup - Campbells Chili,15,116.4,Cash,10.0 %,1571.4000205993652
General Purpose Trigger,9,243.88,Cash,16.0 %,1843.7328369140625
Liqueur Banana Ramazzotti,13,131.39,Visa,21.5 %,1340.8349437713623
Bagelers,16,202.73,Cash,10.0 %,2919.3119384765623
Chocolate Bar - Smarties,6,36.23,Visa,5.0 %,206.5109973907471
Longos - Greek Salad,16,49.18,Cash,30.0 %,550.8160034179688
Beer - Blue Light,8,38.44,Cash,5.0 %,292.1439895629883
Ice Cream - Super Sandwich,16,63.29,Visa,15.0 %,860.7440124511719
Bacardi Breezer - Tropical,11,6.02,Visa,11.0 %,58.93579981327056
Beef - Montreal Smoked Brisket,15,214.75,Visa,12.5 %,2818.59375
Sprouts Dikon,11,198.74,Cash,7.0 %,2033.1102561950684
Pasta - Bauletti Chicken White,9,210.88,Cash,5.0 %,1803.024041748047
Chicken - Ground,12,91.7,Cash,8.0 %,1012.3679663085937
Wine - White French Cross,14,105.92,Cash,6.0 %,1393.9071759033204
Appetizer - Tarragon Chicken,12,217.6,Cash,7.0 %,2428.4160681152343
Phyllo Dough,7,249.92,Cash,5.0 %,1661.9679878234863
Cheese - Camembert,6,75.17,Visa,10.0 %,405.9179901123047
Jam - Raspberry,3,71.6,Cash,1.0 %,212.65199546813963
Wine - Pinot Noir Mondavi Coastal,15,114.42,Cash,18.0 %,1407.3659774780274
Creamers - 10%,16,182.77,Visa,15.0 %,2485.6720581054688
Wine - Chablis 2003 Champs,10,88.12,Cash,6.0 %,828.3280258178711
Wine - Rosso Del Veronese Igt,10,110.96,Cash,6.0 %,1043.023991394043
Filter - Coffee,12,48.79,Visa,6.0 %,550.3512103271485
Ice Cream Bar - Oreo Sandwich,7,233.66,Cash,5.0 %,1553.8390243530273
Ham - Proscuitto,14,162.01,Visa,28.5 %,1621.7200450134278
Juice - Apple 341 Ml,9,65.97,Visa,18.0 %,486.8586090087891
Magnotta Bel Paese Red,4,9.69,Visa,5.0 %,36.82199840545654
Sauce Bbq Smokey,1,111.91,Cash,0.0 %,111.91000366210938
Mix Pina Colada,11,132.35,Visa,6.0 %,1368.4990631103515
Chicken - Whole Roasting,3,226.77,Visa,5.0 %,646.2945121765138
Sprouts - Peppercress,15,83.76,Visa,12.5 %,1099.350028038025
Sugar Thermometer,9,35.86,Cash,5.0 %,306.60300521850587
Butter - Pod,9,6.64,Visa,8.5 %,54.680398900508884
Garam Marsala,8,42.36,Cash,3.5 %,327.0192047119141
Mudslide,7,128.4,Cash,5.0 %,853.8599594116212
Ecolab - Ster Bac,7,127.84,Visa,5.0 %,850.1359756469727
Noodles - Cellophane Thin,17,171.0,Cash,10.0 %,2616.3
Appetizer - Southwestern,11,124.86,Cash,7.0 %,1277.3178062438965
Thyme - Dried,3,85.66,Visa,5.0 %,244.1310104370117
Coffee - French Vanilla Frothy,4,181.44,Visa,10.5 %,649.5552087402343
Ecolab - Solid Fusion,4,11.47,Cash,0.0 %,45.880001068115234
Sour Puss - Tangerine,9,187.57,Visa,5.0 %,1603.7235626220702
Napkin Colour,3,95.55,Cash,0.0 %,286.65000915527344
Passion Fruit,5,47.25,Visa,3.5 %,227.98125
Beef - Tenderloin Tails,6,216.68,Visa,7.5 %,1202.573959350586
Calypso - Strawberry Lemonade,8,136.78,Visa,9.0 %,995.7583911132813
Soupfoamcont12oz 112con,13,60.32,Visa,6.0 %,737.110396270752
Fudge - Cream Fudge,12,225.99,Visa,18.0 %,2223.7416540527342
Gingerale - Diet - Schweppes,10,193.2,Visa,12.0 %,1700.1599731445312
Trueblue - Blueberry 12x473ml,3,51.38,Cash,0.0 %,154.1400032043457
Calypso - Black Cherry Lemonade,12,8.31,Cash,7.5 %,92.24100465774535
Puree - Raspberry,10,134.58,Cash,10.5 %,1204.4910163879395
Pate - Cognac,1,70.2,Cash,0.0 %,70.19999694824219
Hipnotiq Liquor,16,22.23,Cash,10.0 %,320.11199340820315
Icecream - Dstk Cml And Fdg,3,184.39,Cash,22.0 %,431.4725985717773
Muffin Mix - Carrot,12,228.89,Visa,9.0 %,2499.4787933349608
Mushroom - Morels Dry,15,50.24,Visa,7.5 %,697.0800232887268
Foie Gras,6,28.35,Visa,7.5 %,157.34250211715698
Pepperoni Slices,8,130.02,Visa,5.0 %,988.1520324707031
Cake - Sheet Strawberry,11,218.23,Cash,7.0 %,2232.4928562927244
Mahi Mahi,6,17.81,Visa,7.5 %,98.84549703598022
Beans - Yellow,17,138.42,Cash,10.0 %,2117.8259719848634
Mushrooms - Honey,4,144.18,Visa,5.0 %,547.8839721679688
Longos - Lasagna Beef,12,236.92,Cash,7.0 %,2644.02717956543
Food Colouring - Blue,3,216.56,Cash,0.0 %,649.6799926757812
Veal - Provimi Inside,14,166.26,Cash,7.0 %,2164.7051284790036
Olive - Spread Tapenade,6,188.99,Visa,5.0 %,1077.2430313110353
Foil - Round Foil,9,135.32,Cash,5.0 %,1156.9860626220704
Scallops - U - 10,16,15.66,Cash,30.0 %,175.39199829101562
Bag - Bread White Plain,16,108.67,Cash,10.0 %,1564.8479736328125
Carbonated Water - Raspberry,6,111.15,Visa,7.5 %,616.882508468628
Wine - Segura Viudas Aria Brut,12,70.29,Visa,6.0 %,792.8712103271484
Amarula Cream,13,50.37,Visa,19.5 %,527.1220388221741
Salmon - Atlantic No Skin,10,206.7,Visa,8.5 %,1891.304972076416
Sugar Thermometer,14,196.59,Cash,7.0 %,2559.601752319336
Liqueur - Melon,11,212.54,Cash,11.0 %,2080.7665342712403
Madeira,14,129.0,Cash,7.0 %,1679.58
Flower - Commercial Spider,4,134.57,Visa,5.0 %,511.36602783203125
Capon - Breast Double Wing On,6,32.99,Visa,7.5 %,183.0945093154907
Smoked Tongue,11,116.12,Visa,6.0 %,1200.6808283996584
Apple - Fuji,2,236.66,Visa,5.0 %,449.6540069580078
Pork - Bacon Double Smoked,17,160.41,Visa,15.0 %,2317.9245529174805
Island Oasis - Peach Daiquiri,8,21.59,Visa,7.5 %,159.7660011291504
Pepper - Chipotle Canned,1,82.75,Cash,0.0 %,82.75
Wine - Duboeuf Beaujolais,8,231.85,Cash,5.0 %,1762.0600463867188
Soup - Knorr Classic Can. Chili,6,75.73,Visa,5.0 %,431.66101913452144
Water - Spring Water 355 Ml,9,246.21,Visa,7.5 %,2049.698305892944
Onions - Green,17,71.44,Visa,35.0 %,789.412026977539
Rice - Jasmine Sented,13,145.71,Cash,7.0 %,1761.6339811706544
Snapple Lemon Tea,13,90.59,Visa,6.0 %,1107.0097552490233
Nut - Cashews Whole Raw,9,123.2,Visa,5.0 %,1053.3599739074707
Bread - Triangle White,15,181.13,Visa,12.5 %,2377.331314086914
Pasta - Rotini Colour Dry,4,200.73,Visa,5.0 %,762.7739837646484
Milk - Skim,4,230.51,Cash,18.0 %,756.0727819824219
Beans - Green,15,112.63,Visa,12.5 %,1478.2687139511108
Longos - Lasagna Beef,9,247.62,Cash,6.0 %,2094.865158691406
Bread - Olive Dinner Roll,8,2.23,Visa,7.5 %,16.5020001411438
Soup - French Can Pea,10,86.47,Visa,6.0 %,812.8180114746094
Corn Meal,16,24.53,Cash,19.5 %,315.94640884399416
Jerusalem Artichoke,4,203.16,Visa,5.0 %,772.0080139160157
Ocean Spray - Kiwi Strawberry,11,175.29,Visa,6.0 %,1812.498530578613
Silicone Parch. 16.3x24.3,2,38.77,Visa,5.0 %,73.66300086975097
Sachet,5,81.34,Cash,22.0 %,317.2259857177734
Spaghetti Squash,9,10.77,Cash,12.0 %,85.29840362548828
Coffee Beans - Chocolate,12,102.37,Visa,6.0 %,1154.7336309814452
Bread - Flat Bread,13,245.49,Visa,11.0 %,2840.3193635559082
Egg Patty Fried,7,182.62,Cash,11.5 %,1131.3308697509765
Grenadillo,7,70.22,Visa,7.5 %,454.6745079040528
Island Oasis - Peach Daiquiri,13,67.7,Cash,7.0 %,818.492963104248
Marsala - Sperone Fine D.o.c.,12,113.77,Cash,13.5 %,1180.9325651550294
Snapple - Mango Maddness,1,111.28,Cash,22.0 %,86.79839904785156
Wine - Sake,11,125.98,Visa,13.0 %,1205.6286321258547
Bread - Sticks Thin Plain,16,133.65,Cash,8.5 %,1956.6359106445311
Sugar - Fine,12,109.82,Cash,16.5 %,1100.3963969421386
Snapple Lemon Tea,1,237.89,Cash,0.0 %,237.88999938964844
Trout - Rainbow Fresh,12,185.12,Cash,7.0 %,2065.9391455078126
Chutney Sauce - Mango,8,216.72,Visa,5.0 %,1647.0720092773438
Wine - Placido Pinot Grigo,8,176.57,Visa,7.5 %,1306.6180541992187
Lobster - Live,13,186.23,Cash,5.0 %,2299.9404472351075
Pastry - Key Limepoppy Seed Tea,4,112.38,Visa,15.0 %,382.0919906616211
Pepper - Julienne Frozen,2,236.64,Visa,5.0 %,449.61599884033205
Tomatoes,14,8.53,Visa,11.0 %,106.28379667282104
Water - Evian 355 Ml,17,143.49,Visa,12.5 %,2134.4138317108154
Beer - Maudite,15,176.36,Cash,10.0 %,2380.860008239746
Bouillion - Fish,6,91.44,Cash,5.0 %,521.2080139160157
Edible Flower - Mixed,11,58.36,Visa,11.0 %,571.3444059753417
Split Peas - Green Dry,2,204.16,Visa,14.5 %,349.11360626220704
Fib N9 - Prague Powder,1,4.5,Cash,0.0 %,4.5
Pickle - Dill,13,130.2,Visa,16.0 %,1421.7839666748048
Truffle Cups - Red,13,143.75,Visa,20.0 %,1495.0
Broom - Angled,17,243.87,Cash,10.0 %,3731.2109252929686
Juice - Tomato 48 Oz,6,15.79,Visa,5.0 %,90.00299978256226
Sauce - Plum,13,83.88,Cash,7.0 %,1014.1091667938232
Wine - Red Cabernet Merlot,5,185.28,Visa,5.0 %,880.0799942016602
Cheese - Brie Cups 125g,14,96.63,Visa,12.5 %,1183.7174663543701
Horseradish Root,15,10.34,Visa,12.5 %,135.71250200271606
Turnip - Wax,15,94.8,Cash,10.0 %,1279.8000411987305
Cumin - Ground,9,20.97,Visa,27.5 %,136.82924551963808
Yogurt - Blueberry 175 Gr,8,27.4,Cash,5.0 %,208.23999710083007
Cinnamon Rolls,5,71.47,Visa,12.0 %,314.46800537109374
Wine - Vineland Estate Semi - Dry,11,127.04,Cash,15.0 %,1187.8240085601806
Dome Lid Clear P92008h,2,122.41,Cash,10.0 %,220.33800659179687
Beef - Cow Feet Split,7,151.37,Cash,5.0 %,1006.610467529297
Mahi Mahi,1,134.35,Visa,5.0 %,127.63250579833985
Horseradish Root,6,190.46,Visa,6.5 %,1068.480637664795
Bread - Sour Batard,5,140.94,Visa,5.0 %,669.4650115966797
Sprite Diet - 355ml,16,135.29,Visa,15.0 %,1839.9439086914062
Eggplant Italian,16,141.4,Cash,9.0 %,2058.7839111328126
Pasta - Bauletti Chicken White,8,233.12,Cash,5.0 %,1771.711962890625
Pastry - Key Limepoppy Seed Tea,8,15.42,Cash,7.5 %,114.10800056457519
Veal - Tenderloin Untrimmed,14,191.97,Cash,7.0 %,2499.4494158935545
Bag - Regular Kraft 20 Lb,11,24.42,Visa,11.0 %,239.07180074691775
Crackers - Soda / Saltins,13,54.93,Cash,7.0 %,664.1037036895751
Oysters - Smoked,17,103.28,Cash,10.0 %,1580.1839813232423
Water - Mineral Natural,5,169.85,Cash,12.0 %,747.3400268554688
Beef - Salted,4,71.58,Cash,0.0 %,286.32000732421875
Wine - Baron De Rothschild,1,62.44,Visa,5.0 %,59.31799869537353
Juice - Pineapple 341 Ml,2,146.2,Visa,5.0 %,277.77999420166014
Ice Cream Bar - Oreo Sandwich,5,111.87,Visa,10.5 %,500.6182622909546
Beef - Roasted Cooked,14,41.46,Cash,7.0 %,539.8091880798339
Dates,1,191.02,Cash,0.0 %,191.02000427246094
Spice - Onion Powder Granulated,6,43.22,Cash,5.0 %,246.35400695800783
Creme De Cacao White,13,71.63,Visa,6.0 %,875.3185664367675
Oil - Olive,7,11.72,Cash,27.5 %,59.4790013551712
Wine - White Concha Y Toro,8,116.44,Visa,9.5 %,843.0256176757813
Wine - Bourgogne 2002 La,2,164.81,Cash,5.0 %,313.1389953613281
Bread - Rye,12,158.12,Visa,12.0 %,1669.7471484375
Filter - Coffee,10,103.78,Visa,8.5 %,949.5869888305664
Pasta - Lasagne Fresh,16,179.14,Cash,10.0 %,2579.6159912109374
Gherkin,5,176.37,Cash,0.0 %,881.8499755859375
Swordfish Loin Portions,11,14.82,Cash,10.5 %,145.90289699554444
Sausage - Chorizo,15,38.38,Visa,12.5 %,503.73751401901245
Sauce - Soy Low Sodium - 3.87l,17,112.69,Cash,10.0 %,1724.1570373535155
Hinge W Undercut,15,116.7,Visa,10.5 %,1566.6974590301513
Wine - Fino Tio Pepe Gonzalez,11,121.46,Visa,11.0 %,1189.0933910369872
Container - Foam Dixie 12 Oz,3,187.58,Visa,5.0 %,534.6030052185058
Pastry - Baked Cinnamon Stick,11,226.12,Cash,6.5 %,2325.6441497802734
Appetizer - Crab And Brie,10,87.97,Cash,7.0 %,818.1210113525391
Carbonated Water - White Grape,14,241.26,Cash,8.0 %,3107.428729248047
Wine - Vineland Estate Semi - Dry,3,211.55,Visa,5.0 %,602.9175086975097
Tomatoes - Yellow Hot House,1,247.74,Visa,5.0 %,235.35300521850587
Ice Cream - Turtles Stick Bar,4,21.62,Visa,5.0 %,82.15600318908692
Lobster - Canned Premium,3,213.03,Visa,7.0 %,594.3536965942383
Tomatoes - Heirloom,7,36.84,Visa,5.0 %,244.98600101470947
Bread - Sour Batard,4,233.47,Cash,21.0 %,737.7652038574219
Cheese - Briedanish,17,138.49,Cash,10.0 %,2118.8970840454103
Oil - Sunflower,14,38.56,Visa,10.5 %,483.1568172073365
Milkettes - 2%,17,166.49,Cash,10.0 %,2547.29708404541
Mushroom - Shitake Dry,6,205.6,Visa,5.0 %,1171.9200347900392
Langers - Ruby Red Grapfruit,17,238.93,Cash,10.0 %,3655.6288879394533
Coffee - Frthy Coffee Crisp,14,227.66,Cash,12.0 %,2804.771245117188
Wine - Touraine Azay - Le - Rideau,9,199.39,Visa,11.0 %,1597.113895111084
Nantucket - 518ml,13,164.42,Visa,11.0 %,1902.3393788146973
Bar Mix - Lime,10,86.94,Cash,7.0 %,808.5420227050781
Brandy Apricot,5,94.28,Cash,0.0 %,471.3999938964844
Bread - English Muffin,12,140.76,Cash,15.5 %,1427.3063442993164
Chevril,11,49.01,Visa,11.0 %,479.80788356781005
Cocoa Feuilletine,4,47.61,Cash,9.0 %,173.3004022216797
Spinach - Packaged,2,227.38,Cash,7.0 %,422.92680908203124
Tea - Jasmin Green,6,67.86,Cash,5.0 %,386.8020034790039
The Pop Shoppe - Root Beer,4,235.13,Cash,0.0 %,940.52001953125
Onions - Cippolini,15,178.41,Visa,12.5 %,2341.6312980651855
Wine - Magnotta - Cab Franc,17,177.36,Cash,7.5 %,2788.9860095977783
Chicken - Tenderloin,15,96.03,Cash,10.0 %,1296.4049835205078
Scallops - 10/20,4,34.29,Cash,0.0 %,137.16000366210938
Wine - Vovray Sec Domaine Huet,3,156.18,Cash,5.0 %,445.1129791259766
Lime Cordial - Roses,11,207.53,Visa,11.0 %,2031.7186880493164
Muffin Hinge 117n,8,211.66,Visa,5.0 %,1608.6160278320312
Beer - True North Lager,17,189.56,Cash,11.5 %,2851.9301632690426
Wine - Red Pinot Noir Chateau,6,194.58,Cash,5.0 %,1109.1060104370117
Tomato Puree,17,85.62,Cash,10.0 %,1309.986042022705
Pork - Ham Virginia,17,137.5,Visa,15.0 %,1986.875
Jerusalem Artichoke,16,105.14,Visa,15.0 %,1429.9039916992188
Wine - Touraine Azay - Le - Rideau,7,64.66,Visa,7.5 %,418.6735237121582
Corn - Cream Canned,7,39.27,Cash,5.0 %,261.1455030441284
Banana - Green,1,125.19,Visa,5.0 %,118.93050231933594
Wine - White Ej,15,212.16,Visa,12.5 %,2784.6000480651855
Beer - Fruli,13,246.13,Visa,11.0 %,2847.7241564941405
Wine - Casillero Del Diablo,2,56.7,Visa,13.5 %,98.09100131988525
Whmis Spray Bottle Graduated,10,140.94,Visa,8.5 %,1289.601022338867
Shrimp - 16 - 20 Cooked Peeled,10,220.53,Cash,7.0 %,2050.928988647461
Water - Mineral Natural,14,142.72,Visa,6.0 %,1878.195216064453
Versatainer Nc - 8288,7,82.05,Cash,5.0 %,545.6325202941895
Wine - Tribal Sauvignon,15,57.09,Visa,7.5 %,792.123752117157
Beef - Diced,12,210.3,Cash,7.0 %,2346.948034057617
Wine - Shiraz South Eastern,16,172.34,Cash,7.5 %,2550.631945800781
Fruit Salad Deluxe,14,141.24,Visa,11.0 %,1759.8504684448242
Pepper - Paprika Spanish,7,72.15,Visa,7.5 %,467.1712598800659
Squid - Breaded,6,2.65,Cash,5.0 %,15.10500054359436
Beef - Kobe Striploin,5,229.73,Cash,0.0 %,1148.6499786376953
Salmon - Atlantic No Skin,13,83.34,Visa,6.0 %,1018.4147552490234
Juice - Cranberry 341 Ml,6,31.89,Visa,7.5 %,176.9894966125488
Skirt - 29 Foot,7,6.35,Visa,7.5 %,41.11624938249588
Lamb - Whole Frozen,9,240.21,Cash,8.5 %,1978.1294052886963
Cheese - Havarti Roasted Garlic,3,239.62,Visa,7.5 %,664.9454864501954
Cheese - Goat,14,65.09,Visa,20.0 %,729.007958984375
Temperature Recording Station,13,156.91,Visa,15.0 %,1733.8555404663086
Blueberries - Frozen,2,213.94,Cash,0.0 %,427.8800048828125
Shallots,4,245.4,Visa,5.0 %,932.5199768066407
Bar Mix - Lemon,6,109.11,Visa,5.0 %,621.9270034790038
Vinegar - Balsamic White,3,128.55,Visa,5.0 %,366.3675086975097
Pepper - Chipotle Canned,9,163.06,Visa,5.0 %,1394.1629791259766
Cheese - Marble,3,40.72,Cash,10.0 %,109.94400329589843
Sauce - Ranch Dressing,5,138.93,Visa,16.0 %,583.5059692382812
Milk - Chocolate 250 Ml,1,138.04,Visa,5.0 %,131.13799362182618
Soup - Base Broth Chix,9,226.77,Cash,16.5 %,1704.1765821075437
Beef - Kindney Whole,11,175.49,Visa,11.5 %,1708.395203475952
Bread - White Sliced,15,89.84,Cash,10.0 %,1212.8399505615234
Wine - Pinot Noir Stoneleigh,14,88.48,Visa,11.0 %,1102.4608418273926
Soup Campbells Split Pea And Ham,16,220.6,Cash,17.5 %,2911.9200805664063
Pike - Frozen Fillet,3,246.97,Cash,0.0 %,740.9100036621094
Edible Flower - Mixed,6,27.77,Visa,5.0 %,158.28900260925292
Bread - Corn Muffaleta Onion,12,54.51,Visa,6.0 %,614.8727810668945
Ginger - Fresh,11,129.22,Visa,16.0 %,1193.9928112792968
Doilies - 7 Paper,10,118.43,Visa,8.5 %,1083.6345027923583
Onions - White,9,41.21,Cash,5.0 %,352.3454921722412
Container - Hngd Cll Blk 7x7x3,14,115.98,Cash,7.0 %,1510.0596437072754
Oxtail - Cut,15,53.93,Cash,10.0 %,728.055004119873
Juice Peach Nectar,15,236.75,Visa,15.0 %,3018.5625
Lamb Shoulder Boneless Nz,2,44.85,Cash,7.0 %,83.42099716186523
Crab - Claws Snow 16 - 24,6,53.38,Visa,7.5 %,296.2590059280395
Muffin - Mix - Mango Sour Cherry,1,120.46,Cash,15.0 %,102.39099922180176
Soup - French Can Pea,14,105.55,Visa,8.5 %,1352.0955390930176
Pepper - Gypsy Pepper,10,124.43,Visa,8.5 %,1138.5345027923584
Wooden Mop Handle,17,221.12,Visa,7.5 %,3477.1119232177734
Chilli Paste Ginger Garlic,2,25.07,Cash,0.0 %,50.13999938964844
Tomatoes - Roma,14,65.78,Visa,11.0 %,819.6187847900391
Dried Peach,15,218.55,Cash,14.5 %,2802.9037891387943
Lumpfish Black,5,196.47,Visa,13.0 %,854.6445053100587
Lettuce Romaine Chopped,13,141.92,Visa,6.0 %,1734.2623776245116
Danishes - Mini Raspberry,12,163.31,Cash,7.0 %,1822.5395727539062
Crush - Cream Soda,1,174.23,Visa,5.0 %,165.51849594116212
Cream - 35%,10,105.23,Cash,12.5 %,920.762529373169
Sauerkraut,14,164.65,Visa,11.0 %,2051.538923950195
Cup Translucent 9 Oz,15,173.74,Visa,15.0 %,2215.185070037842
Cheese - Parmesan Grated,5,204.0,Visa,7.5 %,943.5
Pastry - Mini French Pastries,5,128.64,Visa,5.0 %,611.0399971008301
Cape Capensis - Fillet,7,36.43,Visa,15.5 %,215.48345180511475
Ocean Spray - Ruby Red,7,82.37,Cash,5.0 %,547.7605182647704
Veal - Insides Grains,9,194.02,Cash,5.0 %,1658.871036529541
Squid - Breaded,2,131.02,Cash,8.0 %,241.07680786132812
Initation Crab Meat,6,98.29,Cash,5.0 %,560.2530052185059
Pate - Liver,17,92.53,Visa,15.0 %,1337.0584823608397
Pasta - Penne Rigate Dry,16,221.46,Cash,15.0 %,3011.856091308594
Samosa - Veg,13,233.69,Cash,7.0 %,2825.3121295166015
Trueblue - Blueberry 12x473ml,9,72.06,Visa,7.5 %,599.899479675293
Wine - German Riesling,13,248.89,Visa,21.0 %,2556.1002937316894
Amarula Cream,2,239.54,Cash,21.0 %,378.47318939208986
Pastrami,3,35.53,Cash,0.0 %,106.58999633789062
Blue Curacao - Marie Brizard,3,175.6,Cash,0.0 %,526.8000183105469
Straws - Cocktale,10,3.89,Visa,15.5 %,32.87050088644028
Rabbit - Frozen,13,149.54,Visa,17.5 %,1603.8164279937744
Wine - Domaine Boyar Royal,5,144.9,Visa,5.0 %,688.2749710083008
Tomatoes - Roma,5,192.52,Visa,5.0 %,914.4700202941895
Pork - Loin Bone - In,17,29.49,Visa,7.5 %,463.73024640083315
Beef - Ox Tongue Pickled,15,203.57,Cash,17.5 %,2519.178840637207
Cup - Translucent 7 Oz Clear,3,42.68,Cash,0.0 %,128.04000091552734
Canadian Emmenthal,11,35.42,Visa,10.0 %,350.6579818725586
Propel Sport Drink,10,221.83,Cash,7.0 %,2063.019017028809
Langers - Mango Nectar,16,101.45,Visa,15.0 %,1379.7199584960938
Sour Puss Sour Apple,1,236.57,Visa,5.0 %,224.74150695800782
Pomello,13,60.39,Cash,7.0 %,730.1150926208496
Cheese Cloth No 100,17,186.2,Visa,15.0 %,2690.5899559021
Bread Base - Italian,9,238.44,Visa,7.5 %,1985.013020324707
Soup - Campbells Lentil,3,22.39,Visa,16.0 %,56.42279846191407
Pepper - Black Crushed,13,102.37,Cash,7.0 %,1237.6533332061767
Salt - Seasoned,6,24.64,Cash,15.5 %,124.92479690551758
Cheese - La Sauvagine,10,205.46,Cash,8.5 %,1879.9590614318847
Wine - Pinot Noir Latour,1,120.14,Cash,6.0 %,112.93159942626953
Sprouts - Peppercress,5,2.57,Visa,5.0 %,12.20749968290329
Numi - Assorted Teas,10,88.54,Cash,7.0 %,823.4220085144043
Sambuca Cream,12,75.83,Visa,11.0 %,809.864419555664
Lemonade - Mandarin 591 Ml,15,137.07,Cash,10.0 %,1850.4450988769531
Melon - Watermelon Seedless,10,41.32,Cash,7.0 %,384.27599716186523
Rice Paper,12,59.57,Visa,12.0 %,629.0591967773437
Fruit Salad Deluxe,8,238.06,Visa,5.0 %,1809.2559814453125
Mortadella,6,230.36,Visa,7.5 %,1278.4980033874513
Sausage - Meat,4,30.89,Visa,5.5 %,116.7641976928711
Wine - Fino Tio Pepe Gonzalez,9,131.13,Visa,7.5 %,1091.657290649414
Cheese - St. Andre,7,167.82,Visa,10.0 %,1057.2660461425783
Oil - Coconut,17,121.19,Visa,7.5 %,1905.7127883911135
Soup - Campbells Broccoli,1,144.03,Visa,5.0 %,136.82849884033203
Cranberries - Dry,3,139.58,Visa,5.0 %,397.80300521850586
Ezy Change Mophandle,8,129.63,Cash,3.0 %,1005.928837890625
Gherkin,8,37.53,Visa,7.5 %,277.72199096679685
Carbonated Water - Raspberry,12,87.07,Cash,15.0 %,888.1139968872071
Cornstarch,8,245.26,Cash,5.0 %,1863.9759582519532
Iced Tea Concentrate,6,163.04,Visa,7.5 %,904.871962738037
Pasta - Rotini Colour Dry,4,20.13,Cash,24.0 %,61.19519744873047
Sour Puss Raspberry,8,38.32,Visa,7.5 %,283.56799774169923
Bread Country Roll,2,75.17,Cash,5.0 %,142.8229965209961
Apple - Fuji,15,16.35,Visa,12.5 %,214.59375500679016
Soup - Boston Clam Chowder,6,148.72,Cash,5.0 %,847.7040069580079
Trout - Smoked,4,143.96,Cash,0.0 %,575.8400268554688
Beer - Camerons Cream Ale,10,57.34,Visa,8.5 %,524.6610013961792
Juice - Orange 341 Ml,17,178.63,Cash,10.0 %,2733.0390747070314
Pike - Frozen Fillet,2,119.96,Cash,0.0 %,239.9199981689453
Crab - Imitation Flakes,1,206.65,Cash,27.0 %,150.85449554443358
Bag Clear 10 Lb,13,41.04,Cash,8.5 %,488.17081089019774
Wine - Mas Chicet Rose Vintage,10,102.28,Cash,6.0 %,961.4319885253906
Yoghurt Tubes,17,150.47,Visa,15.0 %,2174.2915176391602
Milk - Skim,13,75.7,Cash,7.0 %,915.212963104248
Toothpick Frilled,2,249.77,Visa,16.0 %,419.61360717773437
Table Cloth 120 Round White,5,126.5,Cash,0.0 %,632.5
Vinegar - Balsamic,14,218.9,Visa,11.0 %,2727.493923950195
Canadian Emmenthal,15,226.6,Visa,7.5 %,3144.0750846862793
Cookies - Oreo 4 Pack,2,167.88,Cash,0.0 %,335.760009765625
Wine - Red Cooking,12,117.64,Cash,6.0 %,1326.9791931152345
Appetizer - Asian Shrimp Roll,12,16.79,Visa,11.0 %,179.31720977783203
Rum - Cream Amarula,1,134.62,Visa,5.0 %,127.88899536132813
Lettuce - Frisee,9,55.73,Cash,14.5 %,428.84234647750856
Broom And Broom Rack White,6,104.25,Cash,5.0 %,594.2249999999999
Squash - Acorn,11,128.64,Cash,7.0 %,1315.9871937561034
Water - Spring Water 355 Ml,14,221.91,Cash,7.0 %,2889.268247680664
Beans - Black Bean Dry,17,27.22,Cash,10.0 %,416.4659894943237
Gatorade - Orange,16,89.79,Cash,10.0 %,1292.9760131835938
Beer - Labatt Blue,6,39.62,Cash,5.0 %,225.83399391174316
Soup - Campbells Beef Strogonoff,9,198.75,Visa,5.0 %,1699.3125
Pears - Fiorelle,12,214.24,Cash,10.0 %,2313.7920593261715
Pumpkin - Seed,12,207.73,Cash,10.0 %,2243.4839538574215
Cookie Dough - Peanut Butter,13,209.91,Visa,11.0 %,2428.6587423706055
Cheese - Le Cheve Noir,15,30.15,Visa,12.5 %,395.71874499320984
Seaweed Green Sheets,5,92.83,Visa,5.0 %,440.94250869750977
Truffle Paste,13,56.91,Visa,15.0 %,628.8554983139038
Mcguinness - Blue Curacao,17,101.32,Visa,7.5 %,1593.2569952011108
Sugar - White Packet,7,74.82,Cash,5.0 %,497.5529979705811
Mushroom - Porcini Frozen,1,168.44,Cash,4.0 %,161.70240234375
Bread - Multigrain Loaf,1,26.95,Cash,0.0 %,26.950000762939453
Wine - Magnotta White,9,165.52,Visa,7.5 %,1377.9540355682373
Southern Comfort,12,209.5,Cash,11.0 %,2237.46
Bread Base - Italian,12,215.82,Cash,4.5 %,2473.297283935547
Wine - Ruffino Chianti,12,249.0,Cash,6.0 %,2808.7200000000003
Rice - 7 Grain Blend,3,92.48,Visa,5.0 %,263.5680095672608
Split Peas - Yellow Dry,5,45.82,Cash,0.0 %,229.0999984741211
Oil - Olive Bertolli,8,27.11,Visa,5.0 %,206.03600463867187
Lamb - Whole Head Off,16,43.78,Cash,17.0 %,581.3983837890624
Basil - Dry Rubbed,14,62.45,Cash,7.0 %,813.0990099334717
Kiwi Gold Zespri,4,8.94,Cash,0.0 %,35.7599983215332
Cheese - Marble,1,123.76,Visa,9.0 %,112.62160194396972
Maple Syrup,10,94.95,Visa,6.0 %,892.5299713134766
Mushroom - Shitake Fresh,8,142.17,Cash,5.0 %,1080.4919860839843
Wine - Tio Pepe Sherry Fino,8,200.62,Cash,5.0 %,1524.711962890625
Bread - Italian Roll With Herbs,4,89.82,Cash,4.0 %,344.908798828125
Sausage - Meat,3,78.98,Visa,5.0 %,225.09300956726076
Cheese - Stilton,10,151.5,Cash,8.5 %,1386.225
Coconut - Whole,5,82.22,Visa,5.0 %,390.54500579833984
Sauce Bbq Smokey,8,214.28,Cash,16.0 %,1439.961591796875
Soup - Campbells Beef Noodle,4,37.25,Cash,7.0 %,138.57
Pop - Club Soda Can,7,44.56,Cash,5.0 %,296.32400913238524
Vinegar - Balsamic,3,69.39,Visa,5.0 %,197.76149826049803
Soup - Verve - Chipotle Chicken,12,110.59,Cash,5.5 %,1254.0905584716797
Wasabi Powder,1,150.94,Visa,5.0 %,143.39300231933595
Beans - Turtle Black Dry,16,30.29,Cash,10.0 %,436.17601318359374
Pastry - Mini French Pastries,1,224.65,Cash,0.0 %,224.64999389648438
Muffin Mix - Oatmeal,4,149.11,Cash,0.0 %,596.4400024414062
Pasta - Cheese / Spinach Bauletti,10,8.58,Visa,10.0 %,77.21999931335449
7up Diet 355 Ml,6,9.96,Cash,6.0 %,56.17440021514893
Soup Campbells Turkey Veg.,5,59.82,Cash,0.0 %,299.0999984741211
Muffin - Zero Transfat,11,66.71,Visa,32.5 %,495.3217432022095
Rum - White Gg White,17,230.88,Cash,10.0 %,3532.4640747070316
Arizona - Green Tea,16,229.55,Visa,7.5 %,3397.3400451660154
Tart Shells - Sweet 4,3,67.73,Cash,0.0 %,203.19001007080078
Bread - Malt,14,144.88,Cash,12.0 %,1784.92166015625
Milk - Buttermilk,4,166.99,Cash,6.0 %,627.8824206542969
Brandy - Orange Mc Guiness,7,130.18,Visa,7.5 %,842.9154525756836
Wheat - Soft Kernal Of Wheat,5,124.96,Cash,0.0 %,624.7999954223633
Snails - Large Canned,14,24.1,Visa,12.0 %,296.91200469970704
Garbag Bags - Black,12,77.24,Visa,6.0 %,871.2671759033203
Persimmons,5,136.79,Visa,5.0 %,649.7524681091309
Salmon Atl.whole 8 - 10 Lb,8,156.61,Visa,7.5 %,1158.9140045166016
Soup - Campbells Mushroom,7,109.53,Visa,7.5 %,709.2067420959473
Soup - Campbells Cream Of,4,112.28,Cash,8.0 %,413.19039550781247
Stainless Steel Cleaner Vision,16,189.18,Cash,10.0 %,2724.19189453125
Juice - Ocean Spray Cranberry,7,166.35,Cash,4.5 %,1112.0497908020018
Beets,16,147.22,Visa,15.0 %,2002.1920166015625
Fish - Base Bouillion,4,118.02,Visa,5.0 %,448.47598724365236
Bread - Crumbs Bulk,13,43.03,Visa,11.0 %,497.85708587646485
Sauce Bbq Smokey,12,10.45,Visa,16.0 %,105.33599807739259
Basil - Pesto Sauce,2,68.81,Visa,5.0 %,130.73899536132814
Macaroons - Two Bite Choc,4,16.93,Visa,16.5 %,56.54620101928711
Plaintain,11,238.69,Visa,6.0 %,2468.054625244141
Cookies Almond Hazelnut,5,38.24,Visa,5.0 %,181.64000797271729
Pear - Asian,14,243.82,Visa,11.0 %,3037.997291259766
Long Island Ice Tea,3,104.64,Visa,14.0 %,269.971198425293
Cheese - St. Paulin,5,8.91,Cash,10.0 %,40.09499931335449
Plate Pie Foil,13,214.06,Visa,6.0 %,2615.8131701660154
Scallops - 20/30,14,202.69,Cash,7.0 %,2639.0238317871094
Lettuce - Spring Mix,15,156.02,Visa,7.5 %,2164.7775592803955
Rosemary - Dry,11,108.69,Visa,17.5 %,986.3617721557616
Chicken Breast Halal,1,178.75,Cash,15.0 %,151.9375
Nescafe - Frothy French Vanilla,12,39.98,Cash,7.0 %,446.1767948913574
Bread - Raisin Walnut Oval,5,137.17,Cash,18.0 %,562.3969924926758
Kahlua,7,46.35,Visa,14.5 %,277.40474086761475
Bread - Roll Soft White Round,7,196.49,Cash,16.5 %,1148.484082107544
7up Diet 355 Ml,15,123.85,Cash,10.0 %,1671.9749794006348
Chinese Foods - Plain Fried Rice,16,227.83,Cash,15.5 %,3080.2616247558594
Chicken - Whole,15,2.58,Cash,10.0 %,34.82999897003174
Goldschalger,1,210.04,Cash,0.0 %,210.0399932861328
External Supplier,5,142.72,Cash,0.0 %,713.6000061035156
Wine - Coteaux Du Tricastin Ac,14,150.4,Visa,11.0 %,1873.9839239501955
Vol Au Vents,1,182.95,Cash,0.0 %,182.9499969482422
Mushrooms - Honey,15,129.55,Cash,11.0 %,1729.492540740967
Tomatoes Tear Drop Yellow,12,157.22,Visa,6.0 %,1773.4416137695314
Nut - Pecan Halves,14,153.77,Cash,7.0 %,2002.0854556274412
Yoplait Drink,4,104.59,Visa,7.0 %,389.0747863769531
Wine - Magnotta - Cab Franc,1,130.59,Visa,5.0 %,124.0604965209961
Goat - Whole Cut,1,151.8,Cash,15.0 %,129.03000259399414
Oil - Pumpkinseed,1,237.3,Cash,0.0 %,237.3000030517578
Cookie Trail Mix,14,172.88,Cash,7.0 %,2250.8976635742188
Veal - Bones,5,138.77,Visa,5.0 %,659.1575202941895
Goulash Seasoning,15,164.89,Visa,12.5 %,2164.1812419891357
Buffalo - Striploin,2,101.45,Visa,5.0 %,192.75499420166017
Juice - Lagoon Mango,13,234.01,Cash,7.0 %,2829.1808335876467
Milk - Chocolate 250 Ml,12,133.88,Visa,19.5 %,1293.2808471679687
Flower - Leather Leaf Fern,10,245.38,Visa,6.0 %,2306.5720458984374
Fish - Soup Base Bouillon,9,95.57,Visa,8.0 %,791.3195974731445
Silicone Paper 16.5x24,11,145.99,Visa,11.0 %,1429.2421537780763
Red Currants,17,208.22,Visa,7.5 %,3274.259519195557
Lamb - Shanks,14,205.98,Visa,16.0 %,2422.324749755859
Coriander - Seed,15,60.88,Visa,7.5 %,844.7100148200989
Pepper - Sorrano,7,198.13,Cash,5.0 %,1317.5645324707032
Ecolab - Hobart Upr Prewash Arm,16,11.52,Cash,10.0 %,165.88800659179688
Oil - Coconut,13,227.47,Cash,7.0 %,2750.1123147583007
Juice - Orange 1.89l,16,246.62,Visa,18.5 %,3215.924736328125
Fennel - Seeds,10,25.65,Cash,14.0 %,220.58999671936036
Lotus Rootlets - Canned,17,11.33,Cash,10.0 %,173.34899883270265
Chocolate - Chips Compound,9,2.21,Visa,5.0 %,18.89550032615662
Bagel - Everything,14,14.0,Cash,7.0 %,182.28
Beef - Sushi Flat Iron Steak,3,165.0,Visa,27.5 %,358.875
Cheese - Colby,2,178.87,Visa,7.5 %,330.90949096679685
Bagel - Sesame Seed Presliced,14,56.25,Cash,5.0 %,748.125
Tomatoes - Cherry,15,149.69,Visa,16.0 %,1886.0940307617188
Pastry - Banana Muffin - Mini,4,113.46,Visa,5.0 %,431.1479965209961
Cheese - Cream Cheese,9,76.68,Cash,30.0 %,483.08400192260746
Pork Casing,2,18.75,Visa,5.0 %,35.625
Wine - Puligny Montrachet A.,2,99.6,Visa,5.0 %,189.23999710083007
Soup - Clam Chowder Dry Mix,17,93.42,Visa,17.5 %,1310.2154743194578
Pork - Smoked Kassler,15,3.52,Cash,10.0 %,47.519999742507935
Cardamon Ground,3,117.79,Visa,5.0 %,335.7015026092529
Island Oasis - Lemonade,7,30.26,Visa,18.0 %,173.69240131378174
Coffee Beans - Chocolate,9,19.46,Visa,17.5 %,144.49049320220948
Glucose,11,60.92,Visa,11.0 %,596.4067820739746
Beef - Tongue Cooked,15,13.78,Visa,8.5 %,189.1304963350296
Table Cloth 62x120 Colour,17,26.57,Visa,15.0 %,383.9364955902099
Gatorade - Orange,4,154.15,Cash,0.0 %,616.5999755859375
Pasta - Lasagna Dry,7,80.81,Cash,5.0 %,537.3864837646485
Soup - Cream Of Broccoli,15,162.26,Visa,13.0 %,2117.4929283142087
Sambuca - Ramazzotti,11,191.82,Visa,11.0 %,1877.9178717041016
Wine - Kwv Chenin Blanc South,10,8.87,Visa,8.5 %,81.1604989528656
Wine - Manischewitz Concord,1,5.39,Visa,12.5 %,4.716249883174896
Cookie Dough - Double,11,169.19,Cash,7.0 %,1730.813724975586
Beef - Bresaola,6,91.29,Visa,17.0 %,454.62420455932613
Smoked Paprika,1,202.23,Visa,5.0 %,192.1184959411621
Puree - Blackcurrant,15,10.48,Cash,10.0 %,141.47999382019043
Pepper - Chillies Crushed,17,72.58,Visa,15.0 %,1048.7810264587401
Tea - English Breakfast,16,6.63,Visa,7.5 %,98.12400169372559
Mustard - Individual Pkg,7,198.68,Visa,7.5 %,1286.4529525756836
Cheese - Goat,5,213.05,Cash,10.0 %,958.7250137329102
Swiss Chard,1,242.97,Cash,0.0 %,242.97000122070312
Juice - Apple 284ml,17,30.02,Cash,6.5 %,477.1679072761536
Dip - Tapenade,15,188.33,Visa,12.5 %,2471.831274032593
Horseradish - Prepared,6,164.86,Visa,11.0 %,880.3524032592773
Bar Mix - Pina Colada 355 Ml,15,86.4,Visa,12.5 %,1134.0000200271606
Wine - White Riesling Semi - Dry,1,102.32,Visa,5.0 %,97.20399971008301
Chicken - Leg / Back Attach,7,38.09,Visa,5.0 %,253.29850101470947
Radish - Pickled,16,243.4,Visa,7.5 %,3602.3199096679687
Mushroom - Chantrelle Fresh,5,19.92,Visa,33.0 %,66.73200025558471
Chicken - White Meat With Tender,9,69.71,Visa,7.5 %,580.3357423782348
Shrimp - Black Tiger 13/15,17,101.43,Cash,10.0 %,1551.8790046691893
Food Colouring - Pink,4,91.88,Cash,0.0 %,367.5199890136719
Chicken - Breast 5 - 7 Oz,15,192.27,Cash,10.0 %,2595.6450576782227
Blueberries,3,16.26,Cash,0.0 %,48.78000068664551
Wine - Charddonnay Errazuriz,12,109.45,Visa,11.0 %,1168.9259674072264
Veal - Round Eye Of,17,206.63,Visa,15.0 %,2985.803570556641
Veal - Leg,3,152.74,Visa,5.0 %,435.3090156555176
Gin - Gilbeys London Dry,4,234.71,Visa,5.0 %,891.8980255126953
Creme De Banane - Marie,1,9.05,Visa,5.0 %,8.59750018119812
